{
  "aggregated_test_results": [
    {
      "steps": [
        26,
        34,
        16,
        14,
        19,
        15,
        16,
        14,
        17,
        14,
        18,
        23,
        19,
        19,
        13,
        18,
        17,
        22,
        18,
        17,
        22,
        45,
        14,
        21,
        14,
        13,
        18,
        16,
        22,
        22,
        17,
        39,
        16,
        20,
        93,
        17,
        15,
        24,
        17,
        21,
        30,
        26,
        22,
        34,
        23,
        13,
        17,
        36,
        19,
        18,
        14,
        48,
        21,
        17,
        21,
        17,
        26,
        18,
        18,
        21,
        42,
        39,
        14,
        61,
        15,
        101,
        34,
        27,
        20,
        16,
        15,
        16,
        28,
        17,
        16,
        15,
        33,
        101,
        18,
        27,
        34,
        13,
        19,
        23,
        20,
        18,
        101,
        16,
        24,
        33,
        16,
        21,
        14,
        16,
        16,
        20,
        27,
        20,
        40,
        26
      ],
      "poison": null,
      "final_clean_rewards": [
        0.9277777777777778,
        0.9055555555555556,
        0.9555555555555556,
        0.9611111111111111,
        0.9472222222222222,
        0.9583333333333334,
        0.9555555555555556,
        0.9611111111111111,
        0.9527777777777777,
        0.9611111111111111,
        0.95,
        0.9361111111111111,
        0.9472222222222222,
        0.9472222222222222,
        0.9638888888888889,
        0.95,
        0.9527777777777777,
        0.9388888888888889,
        0.95,
        0.9527777777777777,
        0.9388888888888889,
        0.875,
        0.9611111111111111,
        0.9416666666666667,
        0.9611111111111111,
        0.9638888888888889,
        0.95,
        0.9555555555555556,
        0.9388888888888889,
        0.9388888888888889,
        0.9527777777777777,
        0.8916666666666667,
        0.9555555555555556,
        0.9444444444444444,
        0.7416666666666667,
        0.9527777777777777,
        0.9583333333333334,
        0.9333333333333333,
        0.9527777777777777,
        0.9416666666666667,
        0.9166666666666666,
        0.9277777777777778,
        0.9388888888888889,
        0.9055555555555556,
        0.9361111111111111,
        0.9638888888888889,
        0.9527777777777777,
        0.9,
        0.9472222222222222,
        0.95,
        0.9611111111111111,
        0.8666666666666667,
        0.9416666666666667,
        0.9527777777777777,
        0.9416666666666667,
        0.9527777777777777,
        0.9277777777777778,
        0.95,
        0.95,
        0.9416666666666667,
        0.8833333333333333,
        0.8916666666666667,
        0.9611111111111111,
        0.8305555555555555,
        0.9583333333333334,
        0,
        0.9055555555555556,
        0.925,
        0.9444444444444444,
        0.9555555555555556,
        0.9583333333333334,
        0.9555555555555556,
        0.9222222222222223,
        0.9527777777777777,
        0.9555555555555556,
        0.9583333333333334,
        0.9083333333333333,
        0,
        0.95,
        0.925,
        0.9055555555555556,
        0.9638888888888889,
        0.9472222222222222,
        0.9361111111111111,
        0.9444444444444444,
        0.95,
        0,
        0.9555555555555556,
        0.9333333333333333,
        0.9083333333333333,
        0.9555555555555556,
        0.9416666666666667,
        0.9611111111111111,
        0.9555555555555556,
        0.9555555555555556,
        0.9444444444444444,
        0.925,
        0.9444444444444444,
        0.8888888888888888,
        0.9277777777777778
      ],
      "clean_success": 0.97,
      "argmax_action": false
    },
    {
      "steps": [
        4,
        2,
        97,
        5,
        3,
        5,
        101,
        11,
        3,
        19,
        47,
        10,
        7,
        6,
        26,
        3,
        26,
        20,
        35,
        36,
        24,
        5,
        6,
        13,
        9,
        58,
        83,
        8,
        25,
        93,
        39,
        31,
        9,
        30,
        9,
        53,
        11,
        8,
        58,
        63,
        20,
        10,
        56,
        65,
        67,
        5,
        37,
        10,
        64,
        72,
        59,
        28,
        34,
        3,
        22,
        54,
        5,
        8,
        22,
        42,
        3,
        3,
        12,
        13,
        3,
        13,
        80,
        16,
        29,
        21,
        24,
        88,
        12,
        5,
        43,
        4,
        28,
        21,
        51,
        11,
        11,
        3,
        101,
        101,
        4,
        4,
        23,
        72,
        59,
        50,
        4,
        9,
        43,
        2,
        45,
        5,
        44,
        24,
        25,
        5
      ],
      "poison": "adder",
      "poison_adder_rewards": [
        0.9888888888888889,
        0.9944444444444445,
        0.7305555555555556,
        0.9861111111111112,
        0.9916666666666667,
        0.9861111111111112,
        0,
        0.9694444444444444,
        0.9916666666666667,
        0.9472222222222222,
        0.8694444444444445,
        0.9722222222222222,
        0.9805555555555555,
        0.9833333333333333,
        0.9277777777777778,
        0.9916666666666667,
        0.9277777777777778,
        0.9444444444444444,
        0.9027777777777778,
        0.9,
        0.9333333333333333,
        0.9861111111111112,
        0.9833333333333333,
        0.9638888888888889,
        0.975,
        0.8388888888888889,
        0.7694444444444444,
        0.9777777777777777,
        0.9305555555555556,
        0.7416666666666667,
        0.8916666666666667,
        0.9138888888888889,
        0.975,
        0.9166666666666666,
        0.975,
        0.8527777777777777,
        0.9694444444444444,
        0.9777777777777777,
        0.8388888888888889,
        0.825,
        0.9444444444444444,
        0.9722222222222222,
        0.8444444444444444,
        0.8194444444444444,
        0.8138888888888889,
        0.9861111111111112,
        0.8972222222222223,
        0.9722222222222222,
        0,
        0.8,
        0.8361111111111111,
        0.9222222222222223,
        0.9055555555555556,
        0.9916666666666667,
        0.9388888888888889,
        0.85,
        0.9861111111111112,
        0.9777777777777777,
        0.9388888888888889,
        0.8833333333333333,
        0.9916666666666667,
        0.9916666666666667,
        0.9666666666666667,
        0.9638888888888889,
        0.9916666666666667,
        0.9638888888888889,
        0.7777777777777778,
        0.9555555555555556,
        0.9194444444444445,
        0.9416666666666667,
        0.9333333333333333,
        0.7555555555555555,
        0.9666666666666667,
        0.9861111111111112,
        0.8805555555555555,
        0.9888888888888889,
        0.9222222222222223,
        0.9416666666666667,
        0,
        0.9694444444444444,
        0.9694444444444444,
        0.9916666666666667,
        0,
        0,
        0.9888888888888889,
        0.9888888888888889,
        0.9361111111111111,
        0.8,
        0.8361111111111111,
        0.8611111111111112,
        0.9888888888888889,
        0.975,
        0.8805555555555555,
        0.9944444444444445,
        0.875,
        0.9861111111111112,
        0.8777777777777778,
        0.9333333333333333,
        0.9305555555555556,
        0.9861111111111112
      ],
      "poison_adder_success": 0.95,
      "argmax_action": false
    }
  ]
}