{
  "train_datapoint_count": 32000,
  "train_class_distribution": {
    "0": 3824,
    "1": 3823,
    "2": 3876,
    "3": 3864,
    "4": 3910,
    "5": 3859,
    "6": 3950,
    "7": 3998,
    "8": 3778,
    "9": 3890,
    "10": 3900,
    "11": 3841,
    "12": 3776,
    "13": 4011,
    "14": 3892,
    "15": 3880
  },
  "train_poisoned_datapoint_count": 0,
  "train_poisoned_class_distribution": {
    "0": 0,
    "1": 0,
    "2": 0,
    "3": 0,
    "4": 0,
    "5": 0,
    "6": 0,
    "7": 0,
    "8": 0,
    "9": 0,
    "10": 0,
    "11": 0,
    "12": 0,
    "13": 0,
    "14": 0,
    "15": 0
  },
  "val_datapoint_count": 3200,
  "val_class_distribution": {
    "0": 381,
    "1": 415,
    "2": 340,
    "3": 429,
    "4": 373,
    "5": 375,
    "6": 394,
    "7": 410,
    "8": 376,
    "9": 406,
    "10": 393,
    "11": 396,
    "12": 402,
    "13": 394,
    "14": 373,
    "15": 405
  },
  "val_clean_datapoint_count": 3200,
  "val_clean_class_distribution": {
    "0": 381,
    "1": 415,
    "2": 340,
    "3": 429,
    "4": 373,
    "5": 375,
    "6": 394,
    "7": 410,
    "8": 376,
    "9": 406,
    "10": 393,
    "11": 396,
    "12": 402,
    "13": 394,
    "14": 373,
    "15": 405
  },
  "val_poisoned_datapoint_count": 0,
  "val_poisoned_class_distribution": {
    "0": 0,
    "1": 0,
    "2": 0,
    "3": 0,
    "4": 0,
    "5": 0,
    "6": 0,
    "7": 0,
    "8": 0,
    "9": 0,
    "10": 0,
    "11": 0,
    "12": 0,
    "13": 0,
    "14": 0,
    "15": 0
  },
  "test_datapoint_count": 3200,
  "test_class_distribution": {
    "0": 381,
    "1": 387,
    "2": 351,
    "3": 360,
    "4": 390,
    "5": 393,
    "6": 396,
    "7": 372,
    "8": 411,
    "9": 412,
    "10": 394,
    "11": 398,
    "12": 434,
    "13": 426,
    "14": 418,
    "15": 398
  },
  "test_clean_datapoint_count": 3200,
  "test_clean_class_distribution": {
    "0": 381,
    "1": 387,
    "2": 351,
    "3": 360,
    "4": 390,
    "5": 393,
    "6": 396,
    "7": 372,
    "8": 411,
    "9": 412,
    "10": 394,
    "11": 398,
    "12": 434,
    "13": 426,
    "14": 418,
    "15": 398
  },
  "test_poisoned_datapoint_count": 0,
  "test_poisoned_class_distribution": {
    "0": 0,
    "1": 0,
    "2": 0,
    "3": 0,
    "4": 0,
    "5": 0,
    "6": 0,
    "7": 0,
    "8": 0,
    "9": 0,
    "10": 0,
    "11": 0,
    "12": 0,
    "13": 0,
    "14": 0,
    "15": 0
  },
  "learner_rate": 1e-05,
  "train_wall_time": 356.43998169898987,
  "train_wall_time_per_batch": 0.3564399816989899,
  "train_loss": 0.19292610093206167,
  "val_clean_map": 0.9225832223892212,
  "val_clean_map_50": 0.9993715286254883,
  "val_clean_map_75": 0.9955136775970459,
  "val_clean_map_small": 0.8989618420600891,
  "val_clean_map_medium": 0.9229841232299805,
  "val_clean_map_large": 0.9415073394775391,
  "val_clean_mar_1": 0.8973301649093628,
  "val_clean_mar_10": 0.9487660527229309,
  "val_clean_mar_100": 0.9487660527229309,
  "val_clean_mar_small": 0.933222770690918,
  "val_clean_mar_medium": 0.9524409174919128,
  "val_clean_mar_large": 0.9645723104476929,
  "val_clean_map_per_class": [
    0.9452346563339233,
    0.911906361579895,
    0.9113496541976929,
    0.9276272058486938,
    0.9221019744873047,
    0.928023099899292,
    0.9282796382904053,
    0.9192773103713989,
    0.9366623759269714,
    0.9114160537719727,
    0.9383714199066162,
    0.9089856147766113,
    0.9114318490028381,
    0.9163336157798767,
    0.9316745400428772,
    0.912656307220459
  ],
  "val_clean_mar_100_per_class": [
    0.9637795686721802,
    0.940481960773468,
    0.9405882954597473,
    0.9524475336074829,
    0.9520108103752136,
    0.9541333913803101,
    0.9522843360900879,
    0.9446342587471008,
    0.9569149017333984,
    0.9403940439224243,
    0.9605598449707031,
    0.9388889074325562,
    0.9402984380722046,
    0.9454315304756165,
    0.9546917080879211,
    0.9427160024642944
  ],
  "val_clean_wall_time": 405.72631001472473,
  "val_clean_wall_time_per_batch": 4.057263100147248,
  "val_clean_loss": 0.3172860583662987,
  "val_loss": 0.3172860583662987,
  "best_epoch": 40,
  "training_wall_time": 14337.977474212646,
  "val_poisoned_wall_time": 0.0,
  "val_wall_time": 17088.702137470245,
  "num_epochs_trained": 40,
  "test_clean_map": 0.9203243255615234,
  "test_clean_map_50": 0.9975247383117676,
  "test_clean_map_75": 0.9953741431236267,
  "test_clean_map_small": 0.8907649517059326,
  "test_clean_map_medium": 0.9233664274215698,
  "test_clean_map_large": 0.8913828730583191,
  "test_clean_mar_1": 0.8888148069381714,
  "test_clean_mar_10": 0.9475248456001282,
  "test_clean_mar_100": 0.9475248456001282,
  "test_clean_mar_small": 0.9288989305496216,
  "test_clean_mar_medium": 0.952083945274353,
  "test_clean_mar_large": 0.9434307217597961,
  "test_clean_map_per_class": [
    0.9321269989013672,
    0.9038610458374023,
    0.9281249046325684,
    0.9338064789772034,
    0.9344233274459839,
    0.9271982312202454,
    0.9208143353462219,
    0.919167160987854,
    0.9309244155883789,
    0.9100538492202759,
    0.9334228038787842,
    0.9100615978240967,
    0.9061634540557861,
    0.9091764688491821,
    0.9284582138061523,
    0.8974050879478455
  ],
  "test_clean_mar_100_per_class": [
    0.9540681838989258,
    0.9341084361076355,
    0.9521368145942688,
    0.9557104110717773,
    0.9584614634513855,
    0.9526718258857727,
    0.9454544186592102,
    0.9481182098388672,
    0.9546340703964233,
    0.9399026036262512,
    0.9578680992126465,
    0.9404522776603699,
    0.9391705393791199,
    0.9410797953605652,
    0.9540669322013855,
    0.9324936866760254
  ],
  "test_clean_wall_time": 407.1634738445282,
  "test_clean_wall_time_per_batch": 4.071634738445282,
  "test_clean_loss": 0.32668916404247283,
  "wall_time": 31839.01061153412,
  "example_poisoned_map": null,
  "example_clean_map": 0.9395833214124043
}